,precision,recall,f1-score,support
3,0.0,0.0,0.0,1.0
4,0.0,0.0,0.0,17.0
5,0.7277227722772277,0.7538461538461538,0.7405541561712847,195.0
6,0.6301369863013698,0.69,0.6587112171837709,200.0
7,0.5789473684210527,0.5409836065573771,0.5593220338983051,61.0
8,0.5,0.16666666666666666,0.25,6.0
accuracy,0.6645833333333333,0.6645833333333333,0.6645833333333333,0.6645833333333333
macro avg,0.40613452116660836,0.35858273784503286,0.3680979012088934,480.0
weighted avg,0.6380190152667033,0.6645833333333333,0.6495186415790652,480.0
